model,attack,eps,n_samples,accuracy_adv,evasion_rate_on_correct,l2_mean,seconds
mlp,fgsm,0.001,1000,0.999,0.0,0.007246725726872683,0.0
mlp,fgsm,0.002,1000,0.999,0.0,0.014482956379652023,0.0
mlp,fgsm,0.005,1000,0.08,0.91991991991992,0.03603497892618179,0.0
mlp,fgsm,0.01,1000,0.026,0.973973973973974,0.07183872908353806,0.0
mlp,fgsm,0.02,1000,0.0,1.0,0.14347979426383972,0.0
mlp,fgsm,0.05,1000,0.0,1.0,0.35766905546188354,0.0
mlp,fgsm,0.1,1000,0.0,1.0,0.7120742201805115,0.0
mlp,fgsm,0.3,1000,0.0,1.0,2.1223948001861572,0.0
mlp,bim,0.001,1000,0.999,0.0,0.006997633725404739,0.2
mlp,bim,0.002,1000,0.999,0.0,0.01347136590629816,0.2
mlp,bim,0.005,1000,0.079,0.9209209209209209,0.031521424651145935,0.2
mlp,bim,0.01,1000,0.024,0.975975975975976,0.06036948412656784,0.2
mlp,bim,0.02,1000,0.0,1.0,0.12049075216054916,0.2
mlp,bim,0.05,1000,0.0,1.0,0.30226242542266846,0.2
mlp,bim,0.1,1000,0.0,1.0,0.5769119262695312,0.2
mlp,bim,0.3,1000,0.0,1.0,0.5769119262695312,0.2
mlp,pgd,0.001,1000,0.999,0.0,0.006997633725404739,0.7
mlp,pgd,0.002,1000,0.999,0.0,0.01347136590629816,0.7
mlp,pgd,0.005,1000,0.079,0.9209209209209209,0.031521424651145935,0.7
mlp,pgd,0.01,1000,0.024,0.975975975975976,0.06036948412656784,0.7
mlp,pgd,0.02,1000,0.0,1.0,0.1204933375120163,0.8
mlp,pgd,0.05,1000,0.0,1.0,0.30272018909454346,0.7
mlp,pgd,0.1,1000,0.0,1.0,0.6227262020111084,0.7
mlp,pgd,0.3,1000,0.0,1.0,1.8460097312927246,0.7
cnn,fgsm,0.001,1000,0.999,0.0,0.005154494196176529,0.1
cnn,fgsm,0.002,1000,0.999,0.0,0.010291418060660362,0.1
cnn,fgsm,0.005,1000,0.998,0.001001001001001001,0.0256832055747509,0.1
cnn,fgsm,0.01,1000,0.917,0.08208208208208208,0.05131746456027031,0.1
cnn,fgsm,0.02,1000,0.05,0.94994994994995,0.10259730368852615,0.1
cnn,fgsm,0.05,1000,0.0,1.0,0.2563983201980591,0.1
cnn,fgsm,0.1,1000,0.0,1.0,0.5110116004943848,0.1
cnn,fgsm,0.3,1000,0.0,1.0,1.5175659656524658,0.1
cnn,bim,0.001,1000,0.999,0.0,0.00591850932687521,1.1
cnn,bim,0.002,1000,0.999,0.0,0.012318694964051247,1.1
cnn,bim,0.005,1000,0.998,0.001001001001001001,0.030236370861530304,1.1
cnn,bim,0.01,1000,0.911,0.08808808808808809,0.060089074075222015,1.0
cnn,bim,0.02,1000,0.049,0.950950950950951,0.09288164973258972,1.0
cnn,bim,0.05,1000,0.0,1.0,0.2067839503288269,0.9
cnn,bim,0.1,1000,0.0,1.0,0.36831575632095337,0.9
cnn,bim,0.3,1000,0.0,1.0,0.36831575632095337,0.9
cnn,pgd,0.001,1000,0.999,0.0,0.00591899361461401,3.4
cnn,pgd,0.002,1000,0.999,0.0,0.012327062897384167,3.3
cnn,pgd,0.005,1000,0.998,0.001001001001001001,0.030235039070248604,3.3
cnn,pgd,0.01,1000,0.911,0.08808808808808809,0.06005746126174927,3.4
cnn,pgd,0.02,1000,0.049,0.950950950950951,0.09288128465414047,3.5
cnn,pgd,0.05,1000,0.0,1.0,0.22633874416351318,3.3
cnn,pgd,0.1,1000,0.0,1.0,0.4198181629180908,3.3
cnn,pgd,0.3,1000,0.0,1.0,0.9946500062942505,3.4
lstm,fgsm,0.001,1000,0.982,0.0,0.006075214594602585,0.6
lstm,fgsm,0.002,1000,0.982,0.0,0.0119559271261096,0.5
lstm,fgsm,0.005,1000,0.982,0.0,0.029689094051718712,0.5
lstm,fgsm,0.01,1000,0.929,0.0539714867617108,0.059305187314748764,0.5
lstm,fgsm,0.02,1000,0.018,0.9816700610997964,0.11837611347436905,0.5
lstm,fgsm,0.05,1000,0.0,1.0,0.2950144112110138,0.5
lstm,fgsm,0.1,1000,0.0,1.0,0.5867596864700317,0.5
lstm,fgsm,0.3,1000,0.0,1.0,1.7350999116897583,0.6
lstm,bim,0.001,1000,0.982,0.0,0.006078081205487251,5.6
lstm,bim,0.002,1000,0.982,0.0,0.011963165365159512,5.9
lstm,bim,0.005,1000,0.981,0.0010183299389002036,0.0297172199934721,6.4
lstm,bim,0.01,1000,0.84,0.1446028513238289,0.05859330669045448,6.8
lstm,bim,0.02,1000,0.0,1.0,0.11733023077249527,7.0
lstm,bim,0.05,1000,0.0,1.0,0.23785988986492157,8.3
lstm,bim,0.1,1000,0.0,1.0,0.30587756633758545,8.4
lstm,bim,0.3,1000,0.0,1.0,0.30587756633758545,8.1
lstm,pgd,0.001,1000,0.982,0.0,0.006078081205487251,29.7
lstm,pgd,0.002,1000,0.982,0.0,0.011963165365159512,31.2
lstm,pgd,0.005,1000,0.981,0.0010183299389002036,0.0297172199934721,29.3
lstm,pgd,0.01,1000,0.84,0.1446028513238289,0.05859701335430145,28.0
lstm,pgd,0.02,1000,0.0,1.0,0.11732447147369385,28.2
lstm,pgd,0.05,1000,0.0,1.0,0.23956488072872162,28.5
lstm,pgd,0.1,1000,0.0,1.0,0.34469476342201233,29.0
lstm,pgd,0.3,1000,0.0,1.0,0.6255760788917542,28.1
